{
  "0": {
    "timesteps": 94,
    "loss": 0.0211383905261755
  },
  "1": {
    "timesteps": 89,
    "loss": 0.021119754761457443
  }
}